{"cameraMode":{"drawMode":0,"name":"Shaded","section":"Shading Mode"},"sceneLighting":true,"audioPlay":false,"sceneViewState":{"showFog":true,"showMaterialUpdate":true,"showSkybox":true,"showFlares":true,"showImageEffects":true,"showParticleSystems":true},"in2DMode":false,"pivot":{"x":-11.390056610107422,"y":21.40606117248535,"z":13.225043296813965},"rotation":{"x":0.04879001900553703,"y":0.9218350052833557,"z":0.12350957095623017,"w":-0.3641360402107239},"size":15.356300354003907,"orthographic":true}